{"count":1,"self":568.6674944,"total":4186.2005394,"children":{"InitializeActuators":{"count":1,"self":0.0020022,"total":0.0020022,"children":null},"InitializeSensors":{"count":1,"self":0.0019990999999999997,"total":0.0019990999999999997,"children":null},"AgentSendState":{"count":827961,"self":6.0990123999999994,"total":387.85436419999996,"children":{"CollectObservations":{"count":531077,"self":70.5640576,"total":70.5640548,"children":null},"WriteActionMask":{"count":531077,"self":1.1137875,"total":1.1137875,"children":null},"RequestDecision":{"count":531077,"self":4.2718148,"total":310.0775096,"children":{"AgentInfo.ToProto":{"count":531077,"self":4.2868448,"total":305.8056947,"children":{"GenerateSensorData":{"count":531077,"self":301.518848,"total":301.5188497,"children":null}}}}}}},"DecideAction":{"count":827961,"self":3224.86272,"total":3224.862733,"children":null},"AgentAct":{"count":827961,"self":4.4864939999999995,"total":4.4864939999999995,"children":null},"AgentInfo.ToProto":{"count":530,"self":0.0079931,"total":0.3234432,"children":{"GenerateSensorData":{"count":530,"self":0.3154501,"total":0.3154501,"children":null}}}},"gauges":{"tetris_sac.CumulativeReward":{"count":530,"max":32.5544472,"min":0.00599999726,"runningAverage":0.621161759,"value":0.0556003675,"weightedAverage":0.706809163}},"metadata":{"timer_format_version":"0.1.0","start_time_seconds":"1634350124","unity_version":"2021.1.20f1","command_line_arguments":"F:\\Program Files\\UnityEditors\\2021.1.20f1\\Editor\\Unity.exe -projectpath F:\/MyDevelopment\/UnityTetris -useHub -hubIPC -cloudEnvironment production -skipUpgradeDialogs -hubSessionId 9f84cd90-220e-11ec-ae43-c5c555ab01f4 -accessToken nLylX2NTuR--WJA_0HjyHtPlMJVHki4BO9SYiAkB0Zo00ef","communication_protocol_version":"1.5.0","com.unity.ml-agents_version":"2.1.0-exp.1","scene_name":"Training","end_time_seconds":"1634354311"}}